"대상연도","기관구분","기관명","기준배출량(tonCO₂-eq)","온실가스 순 배출량(tonCO₂-eq)","온실가스 총 감축량(tonCO₂-eq)","온실가스 감축(%)","권장목표 달성유무(13.2%)","비고"
"2024","중앙행정기관","검찰청","","","","","N","법무부 일괄보고"
"2024","중앙행정기관","기획재정부","91","11","80","87.912","Y",""
"2024","중앙행정기관","원자력안전위원회","35","16","19","54.286","Y",""
"2024","중앙행정기관","국무조정실","134","45","89","66.418","Y",""
"2024","중앙행정기관","공정거래위원회","12","7","5","41.667","Y",""
"2024","중앙행정기관","국민권익위원회","185","139","46","24.865","Y",""
"2024","중앙행정기관","금융위원회","23","23","0","0","N",""
"2024","중앙행정기관","법제처","29","9","20","68.966","Y",""
"2024","중앙행정기관","국가보훈부","5491","5094","397","7.23","N",""
"2024","중앙행정기관","해양수산부","25186","18606","6580","26.126","Y",""
"2024","중앙행정기관","국세청","30006","30353","-347","-1.156","N",""
"2024","중앙행정기관","관세청","11430","10495","935","8.18","N",""
"2024","중앙행정기관","조달청","3251","1984","1267","38.973","Y",""
"2024","중앙행정기관","통계청","2778","2181","597","21.49","Y",""
"2024","중앙행정기관","통일부","1782","1663","119","6.678","N",""
"2024","중앙행정기관","외교부","1157","978","179","15.471","Y",""
"2024","중앙행정기관","법무부","40084","39168","916","2.285","N",""
"2024","중앙행정기관","국방부","784","739","45","5.74","N",""
"2024","중앙행정기관","병무청","8272","5959","2313","27.962","Y",""
"2024","중앙행정기관","경찰청","205252","184942","20310","9.895","N",""
"2024","중앙행정기관","교육부","3235","2405","830","25.657","Y",""
"2024","중앙행정기관","보건복지부","53992","55007","-1015","-1.88","N",""
"2024","중앙행정기관","기상청","43297","37138","6159","14.225","Y",""
"2024","중앙행정기관","문화체육관광부","52907","46615","6292","11.893","N",""
"2024","중앙행정기관","여성가족부","28","2","26","92.857","Y",""
"2024","중앙행정기관","농촌진흥청","67265","51676","15589","23.175","Y",""
"2024","중앙행정기관","산림청","24499","22917","1582","6.457","N",""
"2024","중앙행정기관","중소벤처기업부","1783","1184","599","33.595","Y",""
"2024","중앙행정기관","특허청","708","413","295","41.667","Y",""
"2024","중앙행정기관","산업통상자원부","1669","1507","162","9.706","N",""
"2024","중앙행정기관","식품의약품안전처","3763","3151","612","16.264","Y",""
"2024","중앙행정기관","환경부","30696","26297","4399","14.331","Y",""
"2024","중앙행정기관","고용노동부","13458","12967","491","3.648","N",""
"2024","중앙행정기관","해양경찰청","20993","19683","1310","6.24","N",""
"2024","중앙행정기관","농림축산식품부","34012","27668","6344","18.652","Y",""
"2024","중앙행정기관","방송통신위원회","13","13","0","0","N",""
"2024","중앙행정기관","국토교통부","6433","5498","935","14.534","Y",""
"2024","중앙행정기관","소방청","5258","4068","1190","22.632","Y",""
"2024","중앙행정기관","행정중심복합도시건설청","12","1","11","91.667","Y",""
"2024","중앙행정기관","과학기술정보통신부","108490","94675","13815","12.734","N",""
"2024","중앙행정기관","새만금개발청","68","41","27","39.706","Y",""
"2024","중앙행정기관","행정안전부","207527","178243","29284","14.111","Y",""
"2024","중앙행정기관","인사혁신처","2690","2240","450","16.729","Y",""
"2024","중앙행정기관","개인정보보호위원회","18","15","3","16.667","Y",""
"2024","중앙행정기관","질병관리청","4003","4237","-234","-5.846","N",""
"2024","중앙행정기관","재외동포청","0","0","0","0","N",""
"2024","중앙행정기관","국가유산청","14742","13535","1207","8.187","N",""
"2024","지방자치단체","서울특별시 종로구","1881","1444","437","23.232","Y",""
"2024","지방자치단체","서울특별시 중구","6806","4326","2480","36.438","Y",""
"2024","지방자치단체","서울특별시 용산구","5057","4382","675","13.348","Y",""
"2024","지방자치단체","서울특별시 성동구","6258","3888","2370","37.872","Y",""
"2024","지방자치단체","서울특별시 광진구","3308","2670","638","19.287","Y",""
"2024","지방자치단체","서울특별시 동대문구","4420","3367","1053","23.824","Y",""
"2024","지방자치단체","서울특별시 중랑구","3255","2709","546","16.774","Y",""
"2024","지방자치단체","서울특별시 성북구","5692","3816","1876","32.959","Y",""
"2024","지방자치단체","서울특별시 강북구","3644","3073","571","15.67","Y",""
"2024","지방자치단체","서울특별시 도봉구","6299","4700","1599","25.385","Y",""
"2024","지방자치단체","서울특별시 노원구","6882","5164","1718","24.964","Y",""
"2024","지방자치단체","서울특별시 은평구","7739","5655","2084","26.929","Y",""
"2024","지방자치단체","서울특별시 서대문구","4326","3387","939","21.706","Y",""
"2024","지방자치단체","서울특별시 마포구","5369","4129","1240","23.096","Y",""
"2024","지방자치단체","서울특별시 양천구","4434","3848","586","13.216","Y",""
"2024","지방자치단체","서울특별시 강서구","5208","4349","859","16.494","Y",""
"2024","지방자치단체","서울특별시 구로구","7049","5834","1215","17.236","Y",""
"2024","지방자치단체","서울특별시 금천구","3925","3626","299","7.618","N",""
"2024","지방자치단체","서울특별시 영등포구","4615","3595","1020","22.102","Y",""
"2024","지방자치단체","서울특별시 동작구","2395","1948","447","18.664","Y",""
"2024","지방자치단체","서울특별시 관악구","4398","3773","625","14.211","Y",""
"2024","지방자치단체","서울특별시 서초구","6562","5683","879","13.395","Y",""
"2024","지방자치단체","서울특별시 강남구","6473","6085","388","5.994","N",""
"2024","지방자치단체","서울특별시 송파구","8419","6393","2026","24.065","Y",""
"2024","지방자치단체","서울특별시 강동구","11694","10010","1684","14.401","Y",""
"2024","지방자치단체","부산광역시 중구","1170","1107","63","5.385","N",""
"2024","지방자치단체","부산광역시 서구","1052","1167","-115","-10.932","N",""
"2024","지방자치단체","부산광역시 동구","1573","1723","-150","-9.536","N",""
"2024","지방자치단체","부산광역시 영도구","1931","1352","579","29.984","Y",""
"2024","지방자치단체","부산광역시 부산진구","2766","1963","803","29.031","Y",""
"2024","지방자치단체","부산광역시 동래구","1878","1720","158","8.413","N",""
"2024","지방자치단체","부산광역시 남구","2364","2032","332","14.044","Y",""
"2024","지방자치단체","부산광역시 북구","1988","1723","265","13.33","Y",""
"2024","지방자치단체","부산광역시 해운대구","2765","2839","-74","-2.676","N",""
"2024","지방자치단체","부산광역시 사하구","3507","2472","1035","29.512","Y",""
"2024","지방자치단체","부산광역시 금정구","3215","2586","629","19.565","Y",""
"2024","지방자치단체","부산광역시 강서구","2140","1952","188","8.785","N",""
"2024","지방자치단체","부산광역시 연제구","1783","1522","261","14.638","Y",""
"2024","지방자치단체","부산광역시 수영구","1948","1560","388","19.918","Y",""
"2024","지방자치단체","부산광역시 사상구","2289","1950","339","14.81","Y",""
"2024","지방자치단체","부산광역시 기장군","3287","2816","471","14.329","Y",""
"2024","지방자치단체","대구광역시 중구","1816","1573","243","13.381","Y",""
"2024","지방자치단체","대구광역시 동구","3214","2361","853","26.54","Y",""
"2024","지방자치단체","대구광역시 서구","2736","2296","440","16.082","Y",""
"2024","지방자치단체","대구광역시 남구","1743","1186","557","31.956","Y",""
"2024","지방자치단체","대구광역시 북구","4339","2727","1612","37.151","Y",""
"2024","지방자치단체","대구광역시 수성구","3301","2318","983","29.779","Y",""
"2024","지방자치단체","대구광역시 달서구","4291","3197","1094","25.495","Y",""
"2024","지방자치단체","대구광역시 달성군","3606","2584","1022","28.342","Y",""
"2024","지방자치단체","인천광역시 중구","3701","2219","1482","40.043","Y",""
"2024","지방자치단체","인천광역시 동구","2489","1863","626","25.151","Y",""
"2024","지방자치단체","인천광역시 미추홀구","2603","2259","344","13.216","Y",""
"2024","지방자치단체","인천광역시 연수구","3769","2695","1074","28.496","Y",""
"2024","지방자치단체","인천광역시 남동구","4942","4253","689","13.942","Y",""
"2024","지방자치단체","인천광역시 부평구","4810","4150","660","13.721","Y",""
"2024","지방자치단체","인천광역시 계양구","2782","2354","428","15.385","Y",""
"2024","지방자치단체","인천광역시 서구","4096","3185","911","22.241","Y",""
"2024","지방자치단체","인천광역시 강화군","4079","3733","346","8.482","N",""
"2024","지방자치단체","인천광역시 옹진군","1481","1386","95","6.415","N",""
"2024","지방자치단체","광주광역시 동구","1337","886","451","33.732","Y",""
"2024","지방자치단체","광주광역시 서구","3118","2566","552","17.704","Y",""
"2024","지방자치단체","광주광역시 남구","2994","1907","1087","36.306","Y",""
"2024","지방자치단체","광주광역시 북구","2067","1475","592","28.641","Y",""
"2024","지방자치단체","광주광역시 광산구","2481","2004","477","19.226","Y",""
"2024","지방자치단체","대전광역시 동구","3443","2986","457","13.273","Y",""
"2024","지방자치단체","대전광역시 중구","1684","1461","223","13.242","Y",""
"2024","지방자치단체","대전광역시 서구","6101","5291","810","13.277","Y",""
"2024","지방자치단체","대전광역시 유성구","4046","3499","547","13.52","Y",""
"2024","지방자치단체","대전광역시 대덕구","2763","2295","468","16.938","Y",""
"2024","지방자치단체","울산광역시 중구","2198","1852","346","15.742","Y",""
"2024","지방자치단체","울산광역시 남구","2544","2095","449","17.649","Y",""
"2024","지방자치단체","울산광역시 동구","1670","1439","231","13.832","Y",""
"2024","지방자치단체","울산광역시 북구","2699","1865","834","30.9","Y",""
"2024","지방자치단체","울산광역시 울주군","4709","4038","671","14.249","Y",""
"2024","지방자치단체","경기도 수원시","22401","16470","5931","26.476","Y",""
"2024","지방자치단체","경기도 성남시","20301","15975","4326","21.309","Y",""
"2024","지방자치단체","경기도 의정부시","5582","4791","791","14.171","Y",""
"2024","지방자치단체","경기도 안양시","8923","7511","1412","15.824","Y",""
"2024","지방자치단체","경기도 부천시","11150","9019","2131","19.112","Y",""
"2024","지방자치단체","경기도 광명시","10802","8672","2130","19.719","Y",""
"2024","지방자치단체","경기도 평택시","8740","6552","2188","25.034","Y",""
"2024","지방자치단체","경기도 동두천시","8422","6371","2051","24.353","Y",""
"2024","지방자치단체","경기도 안산시","15717","12606","3111","19.794","Y",""
"2024","지방자치단체","경기도 고양시","10549","8637","1912","18.125","Y",""
"2024","지방자치단체","경기도 과천시","4689","3561","1128","24.056","Y",""
"2024","지방자치단체","경기도 구리시","4590","2981","1609","35.054","Y",""
"2024","지방자치단체","경기도 남양주시","8896","6794","2102","23.629","Y",""
"2024","지방자치단체","경기도 오산시","3186","2209","977","30.665","Y",""
"2024","지방자치단체","경기도 시흥시","8034","5959","2075","25.828","Y",""
"2024","지방자치단체","경기도 군포시","6199","5200","999","16.116","Y",""
"2024","지방자치단체","경기도 의왕시","4128","2585","1543","37.379","Y",""
"2024","지방자치단체","경기도 하남시","5469","4365","1104","20.187","Y",""
"2024","지방자치단체","경기도 용인시","16696","13176","3520","21.083","Y",""
"2024","지방자치단체","경기도 파주시","5586","4096","1490","26.674","Y",""
"2024","지방자치단체","경기도 이천시","5513","4736","777","14.094","Y",""
"2024","지방자치단체","경기도 안성시","4109","3534","575","13.994","Y",""
"2024","지방자치단체","경기도 김포시","12794","10964","1830","14.304","Y",""
"2024","지방자치단체","경기도 연천군","2222","1811","411","18.497","Y",""
"2024","지방자치단체","경기도 가평군","10655","8077","2578","24.195","Y",""
"2024","지방자치단체","경기도 양평군","16478","13789","2689","16.319","Y",""
"2024","지방자치단체","강원특별자치도 춘천시","5409","4225","1184","21.889","Y",""
"2024","지방자치단체","강원특별자치도 원주시","8255","7145","1110","13.446","Y",""
"2024","지방자치단체","강원특별자치도 강릉시","9329","7862","1467","15.725","Y",""
"2024","지방자치단체","강원특별자치도 동해시","6676","5788","888","13.301","Y",""
"2024","지방자치단체","강원특별자치도 태백시","6101","5250","851","13.949","Y",""
"2024","지방자치단체","강원특별자치도 속초시","5167","4484","683","13.219","Y",""
"2024","지방자치단체","강원특별자치도 삼척시","11083","9620","1463","13.2","Y",""
"2024","지방자치단체","강원특별자치도 홍천군","7626","6619","1007","13.205","Y",""
"2024","지방자치단체","강원특별자치도 횡성군","6405","5594","811","12.662","N",""
"2024","지방자치단체","강원특별자치도 영월군","5216","4346","870","16.679","Y",""
"2024","지방자치단체","강원특별자치도 평창군","8102","6092","2010","24.809","Y",""
"2024","지방자치단체","강원특별자치도 정선군","5913","5721","192","3.247","N",""
"2024","지방자치단체","강원특별자치도 철원군","5040","4374","666","13.214","Y",""
"2024","지방자치단체","강원특별자치도 화천군","4623","3208","1415","30.608","Y",""
"2024","지방자치단체","강원특별자치도 양구군","6187","5370","817","13.205","Y",""
"2024","지방자치단체","강원특별자치도 인제군","9043","7141","1902","21.033","Y",""
"2024","지방자치단체","강원특별자치도 고성군","6261","5434","827","13.209","Y",""
"2024","지방자치단체","강원특별자치도 양양군","5918","5136","782","13.214","Y",""
"2024","지방자치단체","충청북도 청주시","22941","14581","8360","36.441","Y",""
"2024","지방자치단체","충청북도 충주시","6590","5657","933","14.158","Y",""
"2024","지방자치단체","충청북도 제천시","3923","3307","616","15.702","Y",""
"2024","지방자치단체","충청북도 보은군","5909","4708","1201","20.325","Y",""
"2024","지방자치단체","충청북도 옥천군","5542","4761","781","14.092","Y",""
"2024","지방자치단체","충청북도 영동군","1894","1947","-53","-2.798","N",""
"2024","지방자치단체","충청북도 진천군","2976","2581","395","13.273","Y",""
"2024","지방자치단체","충청북도 괴산군","3867","3217","650","16.809","Y",""
"2024","지방자치단체","충청북도 음성군","4816","3876","940","19.518","Y",""
"2024","지방자치단체","충청북도 단양군","5274","3314","1960","37.163","Y",""
"2024","지방자치단체","충청남도 천안시","10171","7213","2958","29.083","Y",""
"2024","지방자치단체","충청남도 공주시","10403","8668","1735","16.678","Y",""
"2024","지방자치단체","충청남도 보령시","3136","2528","608","19.388","Y",""
"2024","지방자치단체","충청남도 아산시","7290","6074","1216","16.68","Y",""
"2024","지방자치단체","충청남도 서산시","10705","8919","1786","16.684","Y",""
"2024","지방자치단체","충청남도 논산시","9113","7593","1520","16.679","Y",""
"2024","지방자치단체","충청남도 금산군","1490","1241","249","16.711","Y",""
"2024","지방자치단체","충청남도 부여군","2917","2430","487","16.695","Y",""
"2024","지방자치단체","충청남도 서천군","2279","1830","449","19.702","Y",""
"2024","지방자치단체","충청남도 청양군","4900","4082","818","16.694","Y",""
"2024","지방자치단체","충청남도 홍성군","3264","2569","695","21.293","Y",""
"2024","지방자치단체","충청남도 예산군","12149","9243","2906","23.92","Y",""
"2024","지방자치단체","충청남도 태안군","7582","5334","2248","29.649","Y",""
"2024","지방자치단체","전북특별자치도 전주시","7914","6448","1466","18.524","Y",""
"2024","지방자치단체","전북특별자치도 군산시","9220","7634","1586","17.202","Y",""
"2024","지방자치단체","전북특별자치도 익산시","5498","4513","985","17.916","Y",""
"2024","지방자치단체","전북특별자치도 정읍시","2707","2279","428","15.811","Y",""
"2024","지방자치단체","전북특별자치도 남원시","6548","5573","975","14.89","Y",""
"2024","지방자치단체","전북특별자치도 김제시","9062","7439","1623","17.91","Y",""
"2024","지방자치단체","전북특별자치도 완주군","5566","4543","1023","18.379","Y",""
"2024","지방자치단체","전북특별자치도 진안군","5167","3738","1429","27.656","Y",""
"2024","지방자치단체","전북특별자치도 무주군","5342","4592","750","14.04","Y",""
"2024","지방자치단체","전북특별자치도 장수군","5560","3951","1609","28.939","Y",""
"2024","지방자치단체","전북특별자치도 임실군","1936","1491","445","22.986","Y",""
"2024","지방자치단체","전북특별자치도 순창군","4226","3459","767","18.15","Y",""
"2024","지방자치단체","전북특별자치도 고창군","4085","3465","620","15.177","Y",""
"2024","지방자치단체","전북특별자치도 부안군","8010","5484","2526","31.536","Y",""
"2024","지방자치단체","전라남도 목포시","3812","3306","506","13.274","Y",""
"2024","지방자치단체","전라남도 여수시","6871","3257","3614","52.598","Y",""
"2024","지방자치단체","전라남도 순천시","4937","3315","1622","32.854","Y",""
"2024","지방자치단체","전라남도 나주시","5789","4959","830","14.338","Y",""
"2024","지방자치단체","전라남도 광양시","4865","3685","1180","24.255","Y",""
"2024","지방자치단체","전라남도 담양군","4824","3043","1781","36.92","Y",""
"2024","지방자치단체","전라남도 곡성군","4236","3440","796","18.791","Y",""
"2024","지방자치단체","전라남도 구례군","6339","4555","1784","28.143","Y",""
"2024","지방자치단체","전라남도 고흥군","6295","5362","933","14.821","Y",""
"2024","지방자치단체","전라남도 보성군","6324","5319","1005","15.892","Y",""
"2024","지방자치단체","전라남도 화순군","6057","4990","1067","17.616","Y",""
"2024","지방자치단체","전라남도 장흥군","1289","1118","171","13.266","Y",""
"2024","지방자치단체","전라남도 강진군","2970","2448","522","17.576","Y",""
"2024","지방자치단체","전라남도 해남군","5130","4450","680","13.255","Y",""
"2024","지방자치단체","전라남도 영암군","5358","4102","1256","23.442","Y",""
"2024","지방자치단체","전라남도 무안군","5254","3956","1298","24.705","Y",""
"2024","지방자치단체","전라남도 함평군","5448","4344","1104","20.264","Y",""
"2024","지방자치단체","전라남도 영광군","3047","2537","510","16.738","Y",""
"2024","지방자치단체","전라남도 장성군","4011","3458","553","13.787","Y",""
"2024","지방자치단체","전라남도 완도군","1685","1581","104","6.172","N",""
"2024","지방자치단체","전라남도 진도군","2661","2124","537","20.18","Y",""
"2024","지방자치단체","전라남도 신안군","1852","771","1081","58.369","Y",""
"2024","지방자치단체","경상북도 포항시","8002","5920","2082","26.018","Y",""
"2024","지방자치단체","경상북도 경주시","8846","6617","2229","25.198","Y",""
"2024","지방자치단체","경상북도 김천시","3926","2267","1659","42.257","Y",""
"2024","지방자치단체","경상북도 안동시","5421","3832","1589","29.312","Y",""
"2024","지방자치단체","경상북도 구미시","10903","8129","2774","25.443","Y",""
"2024","지방자치단체","경상북도 영주시","8520","6183","2337","27.43","Y",""
"2024","지방자치단체","경상북도 영천시","11616","9731","1885","16.228","Y",""
"2024","지방자치단체","경상북도 상주시","12627","7843","4784","37.887","Y",""
"2024","지방자치단체","경상북도 문경시","7761","6360","1401","18.052","Y",""
"2024","지방자치단체","경상북도 경산시","5662","4908","754","13.317","Y",""
"2024","지방자치단체","대구광역시 군위군","4041","3228","813","20.119","Y",""
"2024","지방자치단체","경상북도 의성군","4671","2654","2017","43.181","Y",""
"2024","지방자치단체","경상북도 청송군","3213","2221","992","30.875","Y",""
"2024","지방자치단체","경상북도 영양군","2916","2305","611","20.953","Y",""
"2024","지방자치단체","경상북도 영덕군","4139","2394","1745","42.16","Y",""
"2024","지방자치단체","경상북도 청도군","4677","3354","1323","28.287","Y",""
"2024","지방자치단체","경상북도 고령군","4816","3927","889","18.459","Y",""
"2024","지방자치단체","경상북도 성주군","5216","3911","1305","25.019","Y",""
"2024","지방자치단체","경상북도 칠곡군","3929","3398","531","13.515","Y",""
"2024","지방자치단체","경상북도 예천군","2770","2074","696","25.126","Y",""
"2024","지방자치단체","경상북도 봉화군","4246","3865","381","8.973","N",""
"2024","지방자치단체","경상북도 울진군","2114","1561","553","26.159","Y",""
"2024","지방자치단체","경상북도 울릉군","1234","1312","-78","-6.321","N",""
"2024","지방자치단체","경상남도 진주시","6716","5811","905","13.475","Y",""
"2024","지방자치단체","경상남도 통영시","2759","2394","365","13.229","Y",""
"2024","지방자치단체","경상남도 사천시","8477","4511","3966","46.785","Y",""
"2024","지방자치단체","경상남도 김해시","10428","8253","2175","20.857","Y",""
"2024","지방자치단체","경상남도 밀양시","3084","2631","453","14.689","Y",""
"2024","지방자치단체","경상남도 거제시","4744","4096","648","13.659","Y",""
"2024","지방자치단체","경상남도 양산시","4305","3458","847","19.675","Y",""
"2024","지방자치단체","경상남도 의령군","4855","5197","-342","-7.044","N",""
"2024","지방자치단체","경상남도 함안군","4983","5284","-301","-6.041","N",""
"2024","지방자치단체","경상남도 창녕군","1467","1316","151","10.293","N",""
"2024","지방자치단체","경상남도 고성군","5108","4161","947","18.54","Y",""
"2024","지방자치단체","경상남도 남해군","4043","3152","891","22.038","Y",""
"2024","지방자치단체","경상남도 하동군","2169","1818","351","16.183","Y",""
"2024","지방자치단체","경상남도 산청군","4720","4092","628","13.305","Y",""
"2024","지방자치단체","경상남도 함양군","5189","3971","1218","23.473","Y",""
"2024","지방자치단체","경상남도 거창군","5323","4465","858","16.119","Y",""
"2024","지방자치단체","경상남도 합천군","4155","3193","962","23.153","Y",""
"2024","지방자치단체","경기도 화성시","9722","7108","2614","26.887","Y",""
"2024","지방자치단체","경기도 광주시","5960","5132","828","13.893","Y",""
"2024","지방자치단체","충청북도 증평군","5096","4418","678","13.305","Y",""
"2024","지방자치단체","충청남도 계룡시","6725","4171","2554","37.978","Y",""
"2024","지방자치단체","경기도 양주시","3355","2882","473","14.098","Y",""
"2024","지방자치단체","경기도 포천시","4035","3472","563","13.953","Y",""
"2024","지방자치단체","경상남도 창원시","15396","13357","2039","13.244","Y",""
"2024","지방자치단체","충청남도 당진시","9533","7541","1992","20.896","Y",""
"2024","지방자치단체","세종특별자치시","13375","10433","2942","21.996","Y",""
"2024","지방자치단체","경기도 여주시","12640","9124","3516","27.816","Y",""
"2024","지방자치단체","서울특별시","126049","114073","11976","9.501","N",""
"2024","지방자치단체","부산광역시","41930","34073","7857","18.738","Y",""
"2024","지방자치단체","대구광역시","23094","17337","5757","24.929","Y",""
"2024","지방자치단체","인천광역시","29921","20485","9436","31.536","Y",""
"2024","지방자치단체","광주광역시","15026","12137","2889","19.227","Y",""
"2024","지방자치단체","대전광역시","14179","12307","1872","13.203","Y",""
"2024","지방자치단체","울산광역시","11792","9995","1797","15.239","Y",""
"2024","지방자치단체","경기도","80766","53384","27382","33.903","Y",""
"2024","지방자치단체","강원특별자치도","26184","18658","7526","28.743","Y",""
"2024","지방자치단체","충청북도","14998","10882","4116","27.444","Y",""
"2024","지방자치단체","충청남도","17997","14996","3001","16.675","Y",""
"2024","지방자치단체","전북특별자치도","16114","13624","2490","15.452","Y",""
"2024","지방자치단체","전라남도","18587","16122","2465","13.262","Y",""
"2024","지방자치단체","경상북도","26757","18647","8110","30.31","Y",""
"2024","지방자치단체","경상남도","24056","18478","5578","23.188","Y",""
"2024","지방자치단체","제주특별자치도","33764","26228","7536","22.32","Y",""
"2024","시도교육청","서울특별시교육청","17279","15883","1396","8.079","N",""
"2024","시도교육청","부산광역시교육청","6698","6896","-198","-2.956","N",""
"2024","시도교육청","대구광역시교육청","8730","7998","732","8.385","N",""
"2024","시도교육청","인천광역시교육청","7767","7457","310","3.991","N",""
"2024","시도교육청","광주광역시교육청","5515","5515","0","0","N",""
"2024","시도교육청","대전광역시교육청","4872","3588","1284","26.355","Y",""
"2024","시도교육청","울산광역시교육청","4692","4299","393","8.376","N",""
"2024","시도교육청","경기도교육청","14124","14891","-767","-5.43","N",""
"2024","시도교육청","강원도교육청","6874","7381","-507","-7.376","N",""
"2024","시도교육청","충청북도교육청","8697","8562","135","1.552","N",""
"2024","시도교육청","충청남도교육청","7075","7750","-675","-9.541","N",""
"2024","시도교육청","전라북도교육청","8563","8818","-255","-2.978","N",""
"2024","시도교육청","전라남도교육청","9068","10632","-1564","-17.247","N",""
"2024","시도교육청","경상북도교육청","8754","8297","457","5.22","N",""
"2024","시도교육청","경상남도교육청","9641","9903","-262","-2.718","N",""
"2024","시도교육청","제주특별자치도교육청","2302","2417","-115","-4.996","N",""
"2024","시도교육청","세종특별자치시교육청","2854","2894","-40","-1.402","N",""
"2024","공공기관","한국기술교육대학교","10761","10503","258","2.398","N",""
"2024","공공기관","한국전력국제원자력대학원대학교","1024","941","83","8.105","N",""
"2024","공공기관","통일연구원","15","9","6","40","Y",""
"2024","공공기관","한국자산관리공사","4465","3586","879","19.686","Y",""
"2024","공공기관","한국개발연구원","2159","1995","164","7.596","N",""
"2024","공공기관","대외경제정책연구원","15","1","14","93.333","Y",""
"2024","공공기관","한국행정연구원","387","339","48","12.403","N",""
"2024","공공기관","한국교육과정평가원","1429","1294","135","9.447","N",""
"2024","공공기관","산업연구원","453","460","-7","-1.545","N",""
"2024","공공기관","한국보건사회연구원","13","4","9","69.231","Y",""
"2024","공공기관","한국노동연구원","15","0","15","100","Y",""
"2024","공공기관","한국해양수산개발원","619","624","-5","-0.808","N",""
"2024","공공기관","한국법제연구원","343","307","36","10.496","N",""
"2024","공공기관","한국환경연구원","10","2","8","80","Y",""
"2024","공공기관","한국교육개발원","1948","1615","333","17.094","Y",""
"2024","공공기관","한국농촌경제연구원","1043","912","131","12.56","N",""
"2024","공공기관","국토연구원","825","873","-48","-5.818","N",""
"2024","공공기관","과학기술정책연구원","11","1","10","90.909","Y",""
"2024","공공기관","한국조폐공사","28419","20106","8313","29.252","Y",""
"2024","공공기관","신용보증기금","6080","4462","1618","26.612","Y",""
"2024","공공기관","예금보험공사","2319","1965","354","15.265","Y",""
"2024","공공기관","한국산업은행","18584","15750","2834","15.25","Y",""
"2024","공공기관","한국수출입은행","4385","3984","401","9.145","N",""
"2024","공공기관","한국국제협력단","2485","1985","500","20.121","Y",""
"2024","공공기관","한국국제교류재단","281","292","-11","-3.915","N",""
"2024","공공기관","대한법률구조공단","881","891","-10","-1.135","N",""
"2024","공공기관","전쟁기념사업회","3024","1857","1167","38.591","Y",""
"2024","공공기관","한국사학진흥재단","582","387","195","33.505","Y",""
"2024","공공기관","한국관광공사","2717","1730","987","36.327","Y",""
"2024","공공기관","한국출판문화산업진흥원","16","10","6","37.5","Y",""
"2024","공공기관","대한무역투자진흥공사","3409","2720","689","20.211","Y",""
"2024","공공기관","한국석유공사","8137","6241","1896","23.301","Y",""
"2024","공공기관","한국에너지공단","2254","1495","759","33.673","Y",""
"2024","공공기관","에너지경제연구원","690","642","48","6.957","N",""
"2024","공공기관","한국가스안전공사","6723","4572","2151","31.995","Y",""
"2024","공공기관","대한적십자사","17115","16624","491","2.869","N",""
"2024","공공기관","한국사회복지협의회","278","252","26","9.353","N",""
"2024","공공기관","근로복지공단","25998","22242","3756","14.447","Y",""
"2024","공공기관","한국산업인력공단","7397","6106","1291","17.453","Y",""
"2024","공공기관","한국투자공사","21","18","3","14.286","Y",""
"2024","공공기관","한국전력기술(주)","722","186","536","74.238","Y",""
"2024","공공기관","한국환경보전원","434","353","81","18.664","Y",""
"2024","공공기관","한국문화진흥주식회사","1401","1643","-242","-17.273","N",""
"2024","공공기관","88관광개발(주)","1993","1864","129","6.473","N",""
"2024","공공기관","여수광양항만공사","453","382","71","15.673","Y",""
"2024","공공기관","경북대학교병원","14371","13548","823","5.727","N",""
"2024","공공기관","전남대학교병원","35910","29206","6704","18.669","Y",""
"2024","공공기관","한국발명진흥회","2161","1989","172","7.959","N",""
"2024","공공기관","충북대학교병원","16906","11922","4984","29.481","Y",""
"2024","공공기관","경상대학교병원","22948","22835","113","0.492","N",""
"2024","공공기관","(주)중소기업유통센터","6453","5903","550","8.523","N",""
"2024","공공기관","한국산업단지공단","1690","1107","583","34.497","Y",""
"2024","공공기관","한국교육학술정보원","4223","3326","897","21.241","Y",""
"2024","공공기관","한국해양수산연수원","2076","1753","323","15.559","Y",""
"2024","공공기관","국민건강보험공단","23951","20615","3336","13.928","Y",""
"2024","공공기관","한국원자력안전기술원","4372","3625","747","17.086","Y",""
"2024","공공기관","독립기념관","2716","2178","538","19.809","Y",""
"2024","공공기관","영화진흥위원회","435","267","168","38.621","Y",""
"2024","공공기관","예술의전당","5968","5921","47","0.788","N",""
"2024","공공기관","영상물등급위원회","181","192","-11","-6.077","N",""
"2024","공공기관","한국영상자료원","25","0","25","100","Y",""
"2024","공공기관","대한체육회","23413","19385","4028","17.204","Y",""
"2024","공공기관","서울올림픽기념국민체육진흥공단","11181","8953","2228","19.927","Y",""
"2024","공공기관","한국마사회","33565","28048","5517","16.437","Y",""
"2024","공공기관","한국청소년상담복지개발원","3","0","3","100","Y",""
"2024","공공기관","한국방송광고진흥공사","4956","4373","583","11.764","N",""
"2024","공공기관","국제방송교류재단","2303","1688","615","26.704","Y",""
"2024","공공기관","한국보건의료인국가시험원","757","622","135","17.834","Y",""
"2024","공공기관","한국보건산업진흥원","764","694","70","9.162","N",""
"2024","공공기관","한국해양과학기술원","20032","15499","4533","22.629","Y",""
"2024","공공기관","건강보험심사평가원","9623","8332","1291","13.416","Y",""
"2024","공공기관","제주대학교병원","10490","9806","684","6.52","N",""
"2024","공공기관","강원대학교병원","9030","8398","632","6.999","N",""
"2024","공공기관","한국보훈복지의료공단","27053","22940","4113","15.203","Y",""
"2024","공공기관","민주화운동기념사업회","417","387","30","7.194","N",""
"2024","공공기관","부산항만공사","646","468","178","27.554","Y",""
"2024","공공기관","한국디자인진흥원","1826","1580","246","13.472","Y",""
"2024","공공기관","재단법인한국양성평등교육진흥원","8","4","4","50","Y",""
"2024","공공기관","재단법인한국특허정보원","9","3","6","66.667","Y",""
"2024","공공기관","제주국제자유도시개발센터","464","388","76","16.379","Y",""
"2024","공공기관","한국전기안전공사","2353","2019","334","14.195","Y",""
"2024","공공기관","서울대학교치과병원","3655","3486","169","4.624","N",""
"2024","공공기관","한국주택금융공사","4617","3544","1073","23.24","Y",""
"2024","공공기관","한국학중앙연구원","2238","1873","365","16.309","Y",""
"2024","공공기관","한국문화예술교육진흥원","2","2","0","0","N",""
"2024","공공기관","(주)한국가스기술공사","854","726","128","14.988","Y",""
"2024","공공기관","인천항만공사","5849","3357","2492","42.606","Y",""
"2024","공공기관","한국인터넷진흥원","4263","3341","922","21.628","Y",""
"2024","공공기관","한국문화예술위원회","1471","1300","171","11.625","N",""
"2024","공공기관","경제인문사회연구회","12","6","6","50","Y",""
"2024","공공기관","연구개발특구진흥재단","528","387","141","26.705","Y",""
"2024","공공기관","대한장애인체육회","3147","2969","178","5.656","N",""
"2024","공공기관","한국방송통신전파진흥원","1813","1557","256","14.12","Y",""
"2024","공공기관","한국원자력통제기술원","928","876","52","5.603","N",""
"2024","공공기관","한국상하수도협회","129","128","1","0.775","N",""
"2024","공공기관","한국보건복지인력개발원","30","9","21","70","Y",""
"2024","공공기관","한국고용정보원","4129","2970","1159","28.07","Y",""
"2024","공공기관","한국소비자원","1935","1601","334","17.261","Y",""
"2024","공공기관","한국청소년정책연구원","15","1","14","93.333","Y",""
"2024","공공기관","울산항만공사","647","523","124","19.165","Y",""
"2024","공공기관","한국문화관광연구원","7","7","0","0","N",""
"2024","공공기관","한국산업기술시험원","18282","13957","4325","23.657","Y",""
"2024","공공기관","동북아역사재단","14","7","7","50","Y",""
"2024","공공기관","학교법인한국폴리텍","23270","19807","3463","14.882","Y",""
"2024","공공기관","국민연금공단","14025","11568","2457","17.519","Y",""
"2024","공공기관","한국체육산업개발주식회사","13686","11837","1849","13.51","Y",""
"2024","공공기관","한국공정거래조정원","3","7","-4","-133.333","N",""
"2024","공공기관","한국국제보건의료재단","44","0","44","100","Y",""
"2024","공공기관","한전KDN(주)","6883","4936","1947","28.287","Y",""
"2024","공공기관","도로교통공단","11407","9215","2192","19.216","Y",""
"2024","공공기관","한국장애인개발원","87","56","31","35.632","Y",""
"2024","공공기관","한국교통연구원","13","7","6","46.154","Y",""
"2024","공공기관","중소기업기술정보진흥원","990","916","74","7.475","N",""
"2024","공공기관","한국과학창의재단","7","4","3","42.857","Y",""
"2024","공공기관","한국전력거래소","4588","3932","656","14.298","Y",""
"2024","공공기관","한국여성정책연구원","580","534","46","7.931","N",""
"2024","공공기관","정보통신정책연구원","727","624","103","14.168","Y",""
"2024","공공기관","가축위생방역지원본부","1553","1343","210","13.522","Y",""
"2024","공공기관","한국문학번역원","170","169","1","0.588","N",""
"2024","공공기관","전략물자관리원","0","0","0","0","N",""
"2024","공공기관","한국고전번역원","356","328","28","7.865","N",""
"2024","공공기관","한국보건의료연구원","5","3","2","40","Y",""
"2024","공공기관","노사발전재단","17","0","17","100","Y",""
"2024","공공기관","한국농어촌공사","11019","9480","1539","13.967","Y",""
"2024","공공기관","한국산업안전보건공단","6188","5036","1152","18.617","Y",""
"2024","공공기관","신용보증재단중앙회","19","8","11","57.895","Y",""
"2024","공공기관","한국노인인력개발원","179","137","42","23.464","Y",""
"2024","공공기관","한국소방산업기술원","1971","1452","519","26.332","Y",""
"2024","공공기관","한국환경산업기술원","1549","1166","383","24.726","Y",""
"2024","공공기관","한국장학재단","1864","1388","476","25.536","Y",""
"2024","공공기관","한국석유관리원","2794","2166","628","22.477","Y",""
"2024","공공기관","한국산업기술진흥원","22","0","22","100","Y",""
"2024","공공기관","한국세라믹기술원","7454","5053","2401","32.211","Y",""
"2024","공공기관","한국연구재단","3786","3085","701","18.516","Y",""
"2024","공공기관","한국저작권위원회","352","347","5","1.42","N",""
"2024","공공기관","정보통신산업진흥원","687","514","173","25.182","Y",""
"2024","공공기관","태권도진흥재단","4418","4581","-163","-3.689","N",""
"2024","공공기관","한국장애인고용공단","3438","3371","67","1.949","N",""
"2024","공공기관","한국환경공단","17029","13192","3837","22.532","Y",""
"2024","공공기관","강릉원주대학교치과병원","610","580","30","4.918","N",""
"2024","공공기관","정부법무공단","136","107","29","21.324","Y",""
"2024","공공기관","사립학교교직원연금공단","3485","2742","743","21.32","Y",""
"2024","공공기관","공무원연금공단","10385","8436","1949","18.767","Y",""
"2024","공공기관","한국콘텐츠진흥원","1959","1718","241","12.302","N",""
"2024","공공기관","한국언론진흥재단","12","4","8","66.667","Y",""
"2024","공공기관","(재)한국보육진흥원","2","2","0","0","N",""
"2024","공공기관","국립중앙의료원","7600","6979","621","8.171","N",""
"2024","공공기관","재단법인국악방송","24","15","9","37.5","Y",""
"2024","공공기관","한국공예디자인문화진흥원","334","326","8","2.395","N",""
"2024","공공기관","주택관리공단(주)","204","186","18","8.824","N",""
"2024","공공기관","축산물품질평가원","851","705","146","17.156","Y",""
"2024","공공기관","한국에너지기술평가원","8","7","1","12.5","N",""
"2024","공공기관","한국법무보호복지공단","1888","1820","68","3.602","N",""
"2024","공공기관","코레일네트웍스(주)","33","23","10","30.303","Y",""
"2024","공공기관","한국무역보험공사","1967","1595","372","18.912","Y",""
"2024","공공기관","코레일관광개발(주)","1","1","0","0","N",""
"2024","공공기관","건설근로자공제회","43","18","25","58.14","Y",""
"2024","공공기관","한국청소년활동진흥원","5227","4087","1140","21.81","Y",""
"2024","공공기관","기초과학연구원","13458","15933","-2475","-18.391","N",""
"2024","공공기관","한국임업진흥원","667","326","341","51.124","Y",""
"2024","공공기관","한국잡월드","2531","2207","324","12.801","N",""
"2024","공공기관","한국우편사업진흥원","490","398","92","18.776","Y",""
"2024","공공기관","한국농수산식품유통공사","13982","11898","2084","14.905","Y",""
"2024","공공기관","부산대학교치과병원","2087","1845","242","11.596","N",""
"2024","공공기관","국립박물관문화재단","5","2","3","60","Y",""
"2024","공공기관","(재)우체국시설관리단","56","58","-2","-3.571","N",""
"2024","공공기관","국제식물검역인증원","105","75","30","28.571","Y",""
"2024","공공기관","한국의료분쟁조정중재원","4","1","3","75","Y",""
"2024","공공기관","남북교류협력지원협회","5","2","3","60","Y",""
"2024","공공기관","국가평생교육진흥원","3","0","3","100","Y",""
"2024","공공기관","대구경북첨단의료산업진흥재단","7720","8569","-849","-10.997","N",""
"2024","공공기관","오송첨단의료산업진흥재단","17775","16310","1465","8.242","N",""
"2024","공공기관","우체국금융개발원","3866","3066","800","20.693","Y",""
"2024","공공기관","APEC기후센터","804","889","-85","-10.572","N",""
"2024","공공기관","한국의약품안전관리원","6","2","4","66.667","Y",""
"2024","공공기관","농림수산식품교육문화정보원","686","390","296","43.149","Y",""
"2024","공공기관","한국나노기술원","9739","11019","-1280","-13.143","N",""
"2024","공공기관","한국예술인복지재단","0","0","0","0","N",""
"2024","공공기관","세종학당재단","1","0","1","100","Y",""
"2024","공공기관","국토교통과학기술진흥원","18","6","12","66.667","Y",""
"2024","공공기관","식품안전정보원","20","10","10","50","Y",""
"2024","공공기관","국립대구과학관","1855","1464","391","21.078","Y",""
"2024","공공기관","한국조세재정연구원","862","783","79","9.165","N",""
"2024","공공기관","한국원자력환경공단","7265","6751","514","7.075","N",""
"2024","공공기관","한국도박문제관리센터","3","5","-2","-66.667","N",""
"2024","공공기관","게임물관리위원회","12","11","1","8.333","N",""
"2024","공공기관","소상공인시장진흥공단","22","8","14","63.636","Y",""
"2024","공공기관","국립생태원","7249","5696","1553","21.424","Y",""
"2024","공공기관","한국건강가정진흥원","9","0","9","100","Y",""
"2024","공공기관","국립광주과학관","1519","1427","92","6.057","N",""
"2024","공공기관","한국건강증진개발원","3","0","3","100","Y",""
"2024","공공기관","국가유산진흥원","1397","1213","184","13.171","N",""
"2024","공공기관","농업정책보험금융원","8","0","8","100","Y",""
"2024","공공기관","일제강제동원피해자지원재단","298","283","15","5.034","N",""
"2024","공공기관","항공안전기술원","6","2","4","66.667","Y",""
"2024","공공기관","한국문화정보원","493","339","154","31.237","Y",""
"2024","공공기관","국방전직교육원","14","0","14","100","Y",""
"2024","공공기관","한국해양조사협회","171","133","38","22.222","Y",""
"2024","공공기관","국립해양생물자원관","4353","3742","611","14.036","Y",""
"2024","공공기관","한국원산지정보원","5","2","3","60","Y",""
"2024","공공기관","국립해양박물관","3851","3412","439","11.4","N",""
"2024","공공기관","한국국토정보공사","15503","9161","6342","40.908","Y",""
"2024","공공기관","시청자미디어재단","777","664","113","14.543","Y",""
"2024","공공기관","국립낙동강생물자원관","4739","2780","1959","41.338","Y",""
"2024","공공기관","주택도시보증공사","72","4","68","94.444","Y",""
"2024","공공기관","국립부산과학관","1924","1351","573","29.782","Y",""
"2024","공공기관","한국지식재산보호원","30","9","21","70","Y",""
"2024","공공기관","한국원자력안전재단","20","0","20","100","Y",""
"2024","공공기관","경북대학교치과병원","943","888","55","5.832","N",""
"2024","공공기관","한국재정정보원","21","16","5","23.81","Y",""
"2024","공공기관","한국등산트레킹지원센터","256","255","1","0.391","N",""
"2024","공공기관","한국승강기안전공단","976","620","356","36.475","Y",""
"2024","공공기관","기술보증기금","2106","1714","392","18.613","Y",""
"2024","공공기관","(재)한국저작권보호원","17","0","17","100","Y",""
"2024","공공기관","서민금융진흥원","182","151","31","17.033","Y",""
"2024","공공기관","한국산림복지진흥원","4027","3372","655","16.265","Y",""
"2024","공공기관","한국식품안전관리인증원","836","572","264","31.579","Y",""
"2024","공공기관","농림식품기술기획평가원","338","184","154","45.562","Y",""
"2024","공공기관","해양수산과학기술진흥원","133","79","54","40.602","Y",""
"2024","공공기관","한국기상산업기술원","203","128","75","36.946","Y",""
"2024","공공기관","(재)장애인기업종합지원센터","135","131","4","2.963","N",""
"2024","공공기관","한국특허전략개발원","6","0","6","100","Y",""
"2024","공공기관","한국장기조직기증원","9","9","0","0","N",""
"2024","공공기관","한국교통안전공단","9938","9339","599","6.027","N",""
"2024","공공기관","한국에너지정보문화재단","112","86","26","23.214","Y",""
"2024","공공기관","과학기술일자리진흥원","3","3","0","0","N",""
"2024","공공기관","재단법인한국에너지재단","40","40","0","0","N",""
"2024","공공기관","주식회사공영홈쇼핑","35","7","28","80","Y",""
"2024","공공기관","(재)대한건설기계안전관리원","715","707","8","1.119","N",""
"2024","공공기관","해양환경공단","2104","1520","584","27.757","Y",""
"2024","공공기관","한국의료기기안전정보원","121","120","1","0.826","N",""
"2024","공공기관","한국해외인프라도시개발지원공사","39","1","38","97.436","Y",""
"2024","공공기관","한국해양진흥공사","4","0","4","100","Y",""
"2024","공공기관","한국항로표지기술원","815","587","228","27.975","Y",""
"2024","공공기관","재단법인국가생명윤리정책원","71","64","7","9.859","N",""
"2024","공공기관","한국어촌어항공단","262","204","58","22.137","Y",""
"2024","공공기관","한국제품안전관리원","12","6","6","50","Y",""
"2024","공공기관","국립공원공단","3115","2681","434","13.933","Y",""
"2024","공공기관","한국데이터산업진흥원","3","3","0","0","N",""
"2024","공공기관","중소벤처기업진흥공단","3477","2730","747","21.484","Y",""
"2024","공공기관","새만금개발공사","293","259","34","11.604","N",""
"2024","공공기관","한국수자원조사기술원","172","117","55","31.977","Y",""
"2024","공공기관","한국해양교통안전공단","1335","696","639","47.865","Y",""
"2024","공공기관","한국한의약진흥원","1790","1265","525","29.33","Y",""
"2024","공공기관","한국수산자원공단","1929","1302","627","32.504","Y",""
"2024","공공기관","한국자활복지개발원","499","472","27","5.411","N",""
"2024","공공기관","아동권리보장원","191","165","26","13.613","Y",""
"2024","공공기관","한국여성인권진흥원","1","2","-1","-100","N",""
"2024","공공기관","국립항공박물관","1265","973","292","23.083","Y",""
"2024","공공기관","재단법인한국보건의료정보원","5","3","2","40","Y",""
"2024","공공기관","한국공공조직은행","79","64","15","18.987","Y",""
"2024","공공기관","한국식품산업클러스터진흥원","4513","3774","739","16.375","Y",""
"2024","공공기관","재단법인축산환경관리원","5","4","1","20","Y",""
"2024","공공기관","한국사회보장정보원","12","1","11","91.667","Y",""
"2024","공공기관","국립해양과학관","1198","669","529","44.157","Y",""
"2024","공공기관","국가철도공단","4431","4107","324","7.312","N",""
"2024","공공기관","국립호남권생물자원관","1394","1165","229","16.428","Y",""
"2024","공공기관","한국고용노동교육원","823","878","-55","-6.683","N",""
"2024","공공기관","건축공간연구원","155","148","7","4.516","N",""
"2024","공공기관","한국부동산원","3451","2391","1060","30.716","Y",""
"2024","공공기관","국토안전관리원","903","725","178","19.712","Y",""
"2024","공공기관","한국지능정보사회진흥원","1594","1060","534","33.501","Y",""
"2024","공공기관","한식진흥원","5","0","5","100","Y",""
"2024","공공기관","한국벤처투자","122","148","-26","-21.311","N",""
"2024","공공기관","(재)차세대수치예보모델개발사업단","0","0","0","0","N",""
"2024","공공기관","공간정보품질관리원","71","49","22","30.986","Y",""
"2024","공공기관","재단법인건설기술교육원","1136","864","272","23.944","Y",""
"2024","공공기관","한전엠씨에스주식회사","94","73","21","22.34","Y",""
"2024","공공기관","한국도로공사서비스(주)","89","75","14","15.73","Y",""
"2024","공공기관","의료기관평가인증원","5","0","5","100","Y",""
"2024","공공기관","한국탄소산업진흥원","121","152","-31","-25.62","N",""
"2024","공공기관","한국여성과학기술인육성재단","4","2","2","50","Y",""
"2024","공공기관","중소벤처기업연구원","239","187","52","21.757","Y",""
"2024","공공기관","한국수목원정원관리원","4078","3486","592","14.517","Y",""
"2024","공공기관","한국직업능력연구원","9","4","5","55.556","Y",""
"2024","공공기관","한국형사법무정책연구원","15","7","8","53.333","Y",""
"2024","공공기관","한국광해광업공단","6841","6083","758","11.08","N",""
"2024","공공기관","한국농업기술진흥원","3853","3085","768","19.933","Y",""
"2024","공공기관","재단법인한국특허기술진흥원","755","435","320","42.384","Y",""
"2024","공공기관","재외동포협력센터","14","11","3","21.429","Y",""
"2024","공공기관","한국산업기술기획평가원","373","299","74","19.839","Y",""
"2024","공공기관","북한이탈주민지원재단","9","1","8","88.889","Y",""
"2024","공공기관","한국과학기술기획평가원","984","905","79","8.028","N",""
"2024","공공기관","(재)예술경영지원센터","0","0","0","0","N",""
"2024","공공기관","한국로봇산업진흥원","730","714","16","2.192","N",""
"2024","공공기관","한국사회적기업진흥원","23","5","18","78.261","Y",""
"2024","공공기관","코레일테크㈜","1093","736","357","32.662","Y",""
"2024","공공기관","창업진흥원","605","500","105","17.355","Y",""
"2024","공공기관","코레일로지스(주)","14","12","2","14.286","Y",""
"2024","공공기관","코레일유통(주)","3151","2884","267","8.474","N",""
"2024","공공기관","한전KPS(주)","7369","5511","1858","25.214","Y",""
"2024","공공기관","그랜드코리아레저(주)","1037","708","329","31.726","Y",""
"2024","공공기관","재단법인 한국지식재산연구원","1","0","1","100","Y",""
"2024","지방공사/공단","서울특별시은평구시설관리공단","1267","1098","169","13.339","Y",""
"2024","지방공사/공단","인천도시공사","746","607","139","18.633","Y",""
"2024","지방공사/공단","강원도개발공사","121","100","21","17.355","Y",""
"2024","지방공사/공단","종로구시설관리공단","2816","2480","336","11.932","N",""
"2024","지방공사/공단","성북구도시관리공단","2711","2323","388","14.312","Y",""
"2024","지방공사/공단","강북구도시관리공단","3144","2676","468","14.885","Y",""
"2024","지방공사/공단","양천구시설관리공단","2901","2497","404","13.926","Y",""
"2024","지방공사/공단","강서구시설관리공단","3041","2643","398","13.088","N",""
"2024","지방공사/공단","강남구도시관리공단","4850","3515","1335","27.526","Y",""
"2024","지방공사/공단","송파구시설관리공단","1698","1356","342","20.141","Y",""
"2024","지방공사/공단","용산구시설관리공단","2382","2171","211","8.858","N",""
"2024","지방공사/공단","인천광역시남동구도시관리공단","1224","1009","215","17.565","Y",""
"2024","지방공사/공단","인천광역시부평구시설관리공단","1542","1203","339","21.984","Y",""
"2024","지방공사/공단","인천광역시계양구시설관리공단","453","428","25","5.519","N",""
"2024","지방공사/공단","인천광역시서구시설관리공단","3632","3109","523","14.4","Y",""
"2024","지방공사/공단","대전광역시시설관리공단","5177","4103","1074","20.746","Y",""
"2024","지방공사/공단","의정부도시공사","3090","2604","486","15.728","Y",""
"2024","지방공사/공단","안성시시설관리공단","3674","3110","564","15.351","Y",""
"2024","지방공사/공단","연천군시설관리공단","1790","1468","322","17.989","Y",""
"2024","지방공사/공단","춘천도시공사","6627","6187","440","6.64","N",""
"2024","지방공사/공단","동해시시설관리공단","955","752","203","21.257","Y",""
"2024","지방공사/공단","속초시시설관리공단","529","559","-30","-5.671","N",""
"2024","지방공사/공단","경기관광공사","129","118","11","8.527","N",""
"2024","지방공사/공단","광주광역시도시공사","4823","3953","870","18.039","Y",""
"2024","지방공사/공단","경기평택항만공사","1911","1542","369","19.309","Y",""
"2024","지방공사/공단","전남개발공사","172","137","35","20.349","Y",""
"2024","지방공사/공단","광진구시설관리공단","3888","3578","310","7.973","N",""
"2024","지방공사/공단","동대문구시설관리공단","1622","1557","65","4.007","N",""
"2024","지방공사/공단","중랑구시설관리공단","2635","2450","185","7.021","N",""
"2024","지방공사/공단","구로구시설관리공단","98","69","29","29.592","Y",""
"2024","지방공사/공단","오산도시공사","3883","3593","290","7.468","N",""
"2024","지방공사/공단","용인도시공사","7980","6466","1514","18.972","Y",""
"2024","지방공사/공단","청도공영사업공사","620","514","106","17.097","Y",""
"2024","지방공사/공단","마포구시설관리공단","468","368","100","21.368","Y",""
"2024","지방공사/공단","서울특별시강동구도시관리공단","2249","1871","378","16.807","Y",""
"2024","지방공사/공단","서울특별시서대문구도시관리공단","2342","2021","321","13.706","Y",""
"2024","지방공사/공단","안동시시설관리공단","6784","6567","217","3.199","N",""
"2024","지방공사/공단","서울특별시 성동구 성동구도시관리공단","2171","1661","510","23.491","Y",""
"2024","지방공사/공단","서울특별시금천구시설관리공단","1843","1599","244","13.239","Y",""
"2024","지방공사/공단","도봉구시설관리공단","2254","2207","47","2.085","N",""
"2024","지방공사/공단","광주광역시관광공사","2807","2802","5","0.178","N",""
"2024","지방공사/공단","울산광역시도시공사","191","122","69","36.126","Y",""
"2024","지방공사/공단","서울특별시관악구시설관리공단","2034","1757","277","13.618","Y",""
"2024","지방공사/공단","문경관광공사","779","536","243","31.194","Y",""
"2024","지방공사/공단","부산도시공사","704","572","132","18.75","Y",""
"2024","지방공사/공단","충청남도개발공사","217","131","86","39.631","Y",""
"2024","지방공사/공단","충북개발공사","36","21","15","41.667","Y",""
"2024","지방공사/공단","경상북도개발공사","400","317","83","20.75","Y",""
"2024","지방공사/공단","정선군시설관리공단","2407","2100","307","12.754","N",""
"2024","지방공사/공단","전북개발공사","177","117","60","33.898","Y",""
"2024","지방공사/공단","울산광역시남구도시관리공단","2325","2002","323","13.892","Y",""
"2024","지방공사/공단","대구도시공사","2209","1965","244","11.046","N",""
"2024","지방공사/공단","청주시시설관리공단","6895","6565","330","4.786","N",""
"2024","지방공사/공단","전주시시설관리공단","8020","6946","1074","13.392","Y",""
"2024","지방공사/공단","화성도시공사","16951","14270","2681","15.816","Y",""
"2024","지방공사/공단","서울특별시중구시설관리공단","2916","2705","211","7.236","N",""
"2024","지방공사/공단","남양주도시공사","9477","8363","1114","11.755","N",""
"2024","지방공사/공단","강화군시설관리공단","471","367","104","22.081","Y",""
"2024","지방공사/공단","울주군시설관리공단","2394","2371","23","0.961","N",""
"2024","지방공사/공단","대전도시공사","3011","2012","999","33.178","Y",""
"2024","지방공사/공단","양산시시설관리공단","4084","3692","392","9.598","N",""
"2024","지방공사/공단","안산도시공사","7576","7227","349","4.607","N",""
"2024","지방공사/공단","기장군도시관리공단","2653","2036","617","23.257","Y",""
"2024","지방공사/공단","함안지방공사","1055","934","121","11.469","N",""
"2024","지방공사/공단","인천광역시중구시설관리공단","400","383","17","4.25","N",""
"2024","지방공사/공단","부산시설공단","13289","11392","1897","14.275","Y",""
"2024","지방공사/공단","보령시시설관리공단","255","357","-102","-40","N",""
"2024","지방공사/공단","가평군시설관리공단","3174","3159","15","0.473","N",""
"2024","지방공사/공단","제주관광공사","307","312","-5","-1.629","N",""
"2024","지방공사/공단","구리농수산물공사","311","264","47","15.113","Y",""
"2024","지방공사/공단","구미도시공사","3007","2523","484","16.096","Y",""
"2024","지방공사/공단","고양도시관리공사","11373","9845","1528","13.435","Y",""
"2024","지방공사/공단","의왕도시공사","4331","3520","811","18.725","Y",""
"2024","지방공사/공단","천안도시공사","9079","7479","1600","17.623","Y",""
"2024","지방공사/공단","거제해양관광개발공사","1470","1448","22","1.497","N",""
"2024","지방공사/공단","영등포구시설관리공단","2359","2098","261","11.064","N",""
"2024","지방공사/공단","동작구시설관리공단","3100","2689","411","13.258","Y",""
"2024","지방공사/공단","제주에너지공사","182","123","59","32.418","Y",""
"2024","지방공사/공단","영월군시설관리공단","533","491","42","7.88","N",""
"2024","지방공사/공단","구리도시공사","259","216","43","16.602","Y",""
"2024","지방공사/공단","부산관광공사","696","561","135","19.397","Y",""
"2024","지방공사/공단","울산광역시중구도시관리공단","249","231","18","7.229","N",""
"2024","지방공사/공단","경남개발공사","231","135","96","41.558","Y",""
"2024","지방공사/공단","서울특별시노원구시설관리공단","661","429","232","35.098","Y",""
"2024","지방공사/공단","부여군시설관리공단","887","844","43","4.848","N",""
"2024","지방공사/공단","성남도시개발공사","13598","12259","1339","9.847","N",""
"2024","지방공사/공단","이천시시설관리공단","677","169","508","75.037","Y",""
"2024","지방공사/공단","김해시도시개발공사","3257","2760","497","15.259","Y",""
"2024","지방공사/공단","하남도시공사","3056","2712","344","11.257","N",""
"2024","지방공사/공단","달성군시설관리공단","5414","3411","2003","36.997","Y",""
"2024","지방공사/공단","장수한우지방공사","432","406","26","6.019","N",""
"2024","지방공사/공단","광주도시관리공사","23606","21901","1705","7.223","N",""
"2024","지방공사/공단","당진도시공사","182","112","70","38.462","Y",""
"2024","지방공사/공단","광주광역시광산구시설관리공단","2577","2452","125","4.851","N",""
"2024","지방공사/공단","아산시시설관리공단","4255","2838","1417","33.302","Y",""
"2024","지방공사/공단","인천관광공사","250","235","15","6","N",""
"2024","지방공사/공단","울산시설공단","10600","9176","1424","13.434","Y",""
"2024","지방공사/공단","양평공사","311","32","279","89.711","Y",""
"2024","지방공사/공단","여주도시관리공단","1295","1228","67","5.174","N",""
"2024","지방공사/공단","서울주택도시공사","2134","1816","318","14.902","Y",""
"2024","지방공사/공단","세종특별자치시시설관리공단","5513","4382","1131","20.515","Y",""
"2024","지방공사/공단","밀양시시설관리공단","6964","6937","27","0.388","N",""
"2024","지방공사/공단","충주시시설관리공단","3523","3056","467","13.256","Y",""
"2024","지방공사/공단","창녕군시설관리공단","2713","2478","235","8.662","N",""
"2024","지방공사/공단","세종도시교통공사","13069","12559","510","3.902","N",""
"2024","지방공사/공단","경주시시설관리공단","1267","1154","113","8.919","N",""
"2024","지방공사/공단","서울시설공단","35645","30424","5221","14.647","Y",""
"2024","지방공사/공단","광명도시공사","895","789","106","11.844","N",""
"2024","지방공사/공단","여수시도시관리공단","3982","3729","253","6.354","N",""
"2024","지방공사/공단","인천광역시연수구시설안전관리공단","677","440","237","35.007","Y",""
"2024","지방공사/공단","부천도시공사","8562","7747","815","9.519","N",""
"2024","지방공사/공단","수원도시공사","6864","5594","1270","18.502","Y",""
"2024","지방공사/공단","창원시설공단","6668","6470","198","2.969","N",""
"2024","지방공사/공단","인천시설공단","13944","11023","2921","20.948","Y",""
"2024","지방공사/공단","사천시시설관리공단","9215","7997","1218","13.218","Y",""
"2024","지방공사/공단","인천광역시미추홀구시설관리공단","206","154","52","25.243","Y",""
"2024","지방공사/공단","경상북도문화관광공사","3173","3228","-55","-1.733","N",""
"2024","지방공사/공단","안양도시공사","4229","4261","-32","-0.757","N",""
"2024","지방공사/공단","포천도시공사","1261","1186","75","5.948","N",""
"2024","지방공사/공단","울산광역시북구시설관리공단","2763","2473","290","10.496","N",""
"2024","지방공사/공단","시흥도시공사","3165","2059","1106","34.945","Y",""
"2024","지방공사/공단","군포도시공사","2551","2468","83","3.254","N",""
"2024","지방공사/공단","과천도시공사","4682","4762","-80","-1.709","N",""
"2024","지방공사/공단","원주시시설관리공단","4600","4327","273","5.935","N",""
"2024","지방공사/공단","영천시시설관리공단","774","686","88","11.37","N",""
"2024","지방공사/공단","파주도시관광공사","3853","3452","401","10.407","N",""
"2024","지방공사/공단","경기주택도시공사","1028","682","346","33.658","Y",""
"2024","지방공사/공단","김포도시관리공사","4033","3949","84","2.083","N",""
"2024","지방공사/공단","경기교통공사","30","10","20","66.667","Y",""
"2024","지방공사/공단","창원레포츠파크","1787","1349","438","24.51","Y",""
"2024","지방공사/공단","김천시시설관리공단","2377","2055","322","13.546","Y",""
"2024","지방공사/공단","평창군시설관리공단","335","296","39","11.642","N",""
"2024","지방공사/공단","단양관광공사","376","316","60","15.957","Y",""
"2024","지방공사/공단","광주광역시서구시설관리공단","1108","1108","0","0","N",""
"2024","지방공사/공단","광주광역시북구시설관리공단","1946","1869","77","3.957","N",""
"2024","지방공사/공단","양주도시공사","2863","2432","431","15.054","Y",""
"2024","지방공사/공단","대전관광공사","3516","2711","805","22.895","Y",""
"2024","지방공사/공단","합천군시설관리공단","4064","4196","-132","-3.248","N",""
"2024","지방공사/공단","대구공공시설관리공단","4865","4534","331","6.804","N",""
"2024","지방공사/공단","부산광역시남구시설관리공단","2555","1646","909","35.577","Y",""
"2024","지방공사/공단","익산시도시관리공단","0","0","0","0","N",""
"2024","지방공사/공단","평택도시공사","226","141","85","37.611","Y",""
"2024","지방공사/공단","강릉관광개발공사","1497","1256","241","16.099","Y",""
"2024","지방공사/공단","통영관광개발공사","1215","1014","201","16.543","Y",""
"2024","지방공사/공단","영양고추유통공사","2894","1957","937","32.377","Y",""
"2024","지방공사/공단","포항시시설관리공단","4412","3969","443","10.041","N",""
"2024","국/공립대학","강원대학교","7022","5919","1103","15.708","Y",""
"2024","국/공립대학","공주대학교","16139","13759","2380","14.747","Y",""
"2024","국/공립대학","군산대학교","6319","6700","-381","-6.029","N",""
"2024","국/공립대학","금오공과대학교","7664","7538","126","1.644","N",""
"2024","국/공립대학","목포대학교","8133","7553","580","7.131","N",""
"2024","국/공립대학","목포해양대학교","3310","4504","-1194","-36.073","N",""
"2024","국/공립대학","부산대학교","7662","7817","-155","-2.023","N",""
"2024","국/공립대학","순천대학교","8507","7759","748","8.793","N",""
"2024","국/공립대학","안동대학교","8453","8010","443","5.241","N",""
"2024","국/공립대학","제주대학교","12454","10153","2301","18.476","Y",""
"2024","국/공립대학","창원대학교","7665","8319","-654","-8.532","N",""
"2024","국/공립대학","한국교원대학교","7423","5591","1832","24.68","Y",""
"2024","국/공립대학","한국체육대학교","7266","5709","1557","21.429","Y",""
"2024","국/공립대학","한국해양대학교","8196","7915","281","3.429","N",""
"2024","국/공립대학","공주교육대학교","1766","1570","196","11.099","N",""
"2024","국/공립대학","광주교육대학교","1959","1975","-16","-0.817","N",""
"2024","국/공립대학","대구교육대학교","1970","1732","238","12.081","N",""
"2024","국/공립대학","부산교육대학교","1548","1450","98","6.331","N",""
"2024","국/공립대학","서울교육대학교","3967","2632","1335","33.653","Y",""
"2024","국/공립대학","전주교육대학교","1354","1241","113","8.346","N",""
"2024","국/공립대학","진주교육대학교","1474","1353","121","8.209","N",""
"2024","국/공립대학","청주교육대학교","1195","1306","-111","-9.289","N",""
"2024","국/공립대학","춘천교육대학교","1891","1706","185","9.783","N",""
"2024","국/공립대학","한국방송통신대학교","7165","5003","2162","30.174","Y",""
"2024","국/공립대학","부경대학교","15031","15198","-167","-1.111","N",""
"2024","국/공립대학","한밭대학교","8899","8795","104","1.169","N",""
"2024","국/공립대학","경인교육대학교","3693","2938","755","20.444","Y",""
"2024","국/공립대학","인천대학교","15980","14448","1532","9.587","N",""
"2024","국/공립대학","강릉원주대학교","9566","9793","-227","-2.373","N",""
"2024","국/공립대학","서울과학기술대학교","14251","12817","1434","10.062","N",""
"2024","국/공립대학","한국교통대학교","8272","7271","1001","12.101","N",""
"2024","국/공립대학","경상국립대학교","23343","23680","-337","-1.444","N",""
"2024","국/공립대학","한경국립대학교","6280","5174","1106","17.611","Y",""
"2024","한국은행","한국은행","19137","16501","2636","13.774","Y",""
"2024","금융감독원","금융감독원","5822","5814","8","0.137","N",""
"2024","헌법기관","감사원","2372","2047","325","13.702","Y",""
"2024","헌법기관","대법원","81691","63686","18005","22.04","Y",""
"2024","헌법기관","헌법재판소","1540","1324","216","14.026","Y",""
"2024","헌법기관","중앙선거관리위원회","8554","7444","1110","12.976","N",""
